id,label
1,0.812166
2,0.948765
3,0.977582
4,0.980951
5,0.676416
6,0.992241
