id,label
9,0.00105911
99,0.994023
999,0.986568
9993,0.999947
9994,0.999934
9995,0.99234
9996,0.974021
9997,0.724887
9998,0.989669
9999,0.916634
